{"children": [{"name": "Art"}, {"name": "Art from Dealers & Resellers"}, {"children": [{"name": "Wholesale Lots"}, {"name": "Photographic Images"}, {"name": "Prints"}, {"name": "Posters"}, {"children": [{"children": [{"name": "Art"}, {"name": "Art from Dealers & Resellers"}, {"children": [{"name": "Wholesale Lots"}, {"name": "Photographic Images"}, {"name": "Prints"}, {"name": "Posters"}, {"name": "Other"}], "name": "Wholesale Lots"}], "name": "Other"}], "name": "Other"}], "name": "Wholesale Lots"}], "name": "Art"}